{"cameraMode":{"drawMode":0,"name":"Shaded","section":"Shading Mode"},"sceneLighting":true,"audioPlay":false,"sceneViewState":{"m_AlwaysRefresh":false,"showFog":true,"showSkybox":true,"showFlares":true,"showImageEffects":true,"showParticleSystems":true,"showVisualEffectGraphs":true,"m_FxEnabled":true},"in2DMode":false,"pivot":{"x":-0.8435488939285278,"y":-1.2672744989395142,"z":7.419055461883545},"rotation":{"x":0.14335401356220246,"y":-0.04511244595050812,"z":0.006541564129292965,"w":0.9886239171028137},"size":7.391302585601807,"orthographic":false}